{"name":"1b690c43-4bab-4a52-8149-564eb31cedfb","id":"/providers/Microsoft.Flow/flows/1b690c43-4bab-4a52-8149-564eb31cedfb","type":"Microsoft.Flow/flows","properties":{"apiId":"/providers/Microsoft.PowerApps/apis/shared_logicflows","displayName":"HTTP Send SMS To Activity","definition":{"metadata":{"workflowEntityId":null,"processAdvisorMetadata":null,"flowclientsuspensionreason":"None","flowclientsuspensiontime":null,"creator":{"id":"59c64f9e-d2ac-4763-bc97-5b5f0e50405b","type":"User","tenantId":"5ec24ac7-e561-4232-99e3-0450e60444d5"},"provisioningMethod":"FromDefinition","failureAlertSubscription":true,"clientLastModifiedTime":"2022-02-23T05:32:53.0639911Z"},"$schema":"https://schema.management.azure.com/providers/Microsoft.Logic/schemas/2016-06-01/workflowdefinition.json#","contentVersion":"1.0.0.0","parameters":{"$connections":{"defaultValue":{},"type":"Object"},"$authentication":{"defaultValue":{},"type":"SecureObject"},"dynamicscrmonline.organizationName":{"defaultValue":"","type":"String"},"dynamicscrmonline.entityName":{"defaultValue":"","type":"String"}},"triggers":{"manual":{"metadata":{"operationMetadataId":"be55007f-9222-4507-a6a6-5f701217ae60"},"type":"Request","kind":"Http","inputs":{"schema":{"type":"object","properties":{"entityId":{"type":"string"}}}}}},"actions":{"Get_a_row_by_ID_-_SMS":{"runAfter":{"Initialize_variable_-_varSMSSendFromNumber":["Succeeded"]},"metadata":{"operationMetadataId":"31b77bea-2283-445e-afaa-291b07c30d7f"},"type":"OpenApiConnection","inputs":{"host":{"apiId":"/providers/Microsoft.PowerApps/apis/shared_commondataserviceforapps","connectionName":"shared_commondataserviceforapps","operationId":"GetItem"},"parameters":{"entityName":"crf56_smses","recordId":"@triggerBody()?['entityId']"},"authentication":"@parameters('$authentication')"}},"Initialize_variable_-_varSMSSendFromNumber":{"runAfter":{},"metadata":{"operationMetadataId":"f32cd09a-681a-46e0-8296-1a1df32fd8b5"},"type":"InitializeVariable","inputs":{"variables":[{"name":"varSMSSendFromNumber","type":"string","value":"+61480090762"}]}},"Get_a_row_by_ID_-_Contact":{"runAfter":{"Get_a_row_by_ID_-_SMS":["Succeeded"]},"metadata":{"operationMetadataId":"da25aa2e-8890-45b2-a1ad-f77b4b8781d4"},"type":"OpenApiConnection","inputs":{"host":{"apiId":"/providers/Microsoft.PowerApps/apis/shared_commondataserviceforapps","connectionName":"shared_commondataserviceforapps","operationId":"GetItem"},"parameters":{"entityName":"contacts","recordId":"@outputs('Get_a_row_by_ID_-_SMS')?['body/_regardingobjectid_value']"},"authentication":"@parameters('$authentication')"}},"Condition_-_Type_Is_OutBound":{"actions":{"Send_Text_Message_(SMS)":{"runAfter":{},"metadata":{"operationMetadataId":"666110b7-6270-4caa-934f-55659ee4dbdb"},"type":"OpenApiConnection","inputs":{"host":{"apiId":"/providers/Microsoft.PowerApps/apis/shared_twilio","connectionName":"shared_twilio_1","operationId":"SendMessage"},"parameters":{"sendMessageRequest/from":"@variables('varSMSSendFromNumber')","sendMessageRequest/to":"@outputs('Get_a_row_by_ID_-_Contact')?['body/mobilephone']","sendMessageRequest/body":"Hi @{outputs('Get_a_row_by_ID_-_Contact')?['body/fullname']}, @{outputs('Get_a_row_by_ID_-_SMS')?['body/description']}"},"authentication":"@parameters('$authentication')"}}},"runAfter":{"Get_a_row_by_ID_-_Contact":["Succeeded"]},"expression":{"equals":["@outputs('Get_a_row_by_ID_-_SMS')?['body/crf56_type']","@false"]},"metadata":{"operationMetadataId":"e94c13f3-5b24-4848-9de4-948ad88d5e87"},"type":"If"}},"description":"Create one or more actions to happen when records in the Microsoft Dataverse portal are selected. To use this flow from Microsoft Dataverse, select the record(s) you want to send to the flow, go to the command bar at the top of the screen, select Flows, and choose this flow."},"connectionReferences":{"shared_commondataserviceforapps":{"connectionName":"shared-commondataser-83b13998-27ad-4c24-9299-0d9e0821e0d2","source":"Embedded","id":"/providers/Microsoft.PowerApps/apis/shared_commondataserviceforapps","tier":"NotSpecified"},"shared_twilio_1":{"connectionName":"shared-twilio-2ad9f39a-8418-4201-8103-c2d4702b6aed","source":"Embedded","id":"/providers/Microsoft.PowerApps/apis/shared_twilio","tier":"NotSpecified"}},"flowFailureAlertSubscribed":false}}