{"name":"fe011fe8-bb3c-42b6-a139-7296de88aace","id":"/providers/Microsoft.Flow/flows/fe011fe8-bb3c-42b6-a139-7296de88aace","type":"Microsoft.Flow/flows","properties":{"apiId":"/providers/Microsoft.PowerApps/apis/shared_logicflows","displayName":"HTTP Send SMS To Marketing Members","definition":{"metadata":{"workflowEntityId":null,"processAdvisorMetadata":null,"flowclientsuspensionreason":"None","flowclientsuspensiontime":null,"creator":{"id":"59c64f9e-d2ac-4763-bc97-5b5f0e50405b","type":"User","tenantId":"5ec24ac7-e561-4232-99e3-0450e60444d5"},"provisioningMethod":"FromDefinition","failureAlertSubscription":true,"clientLastModifiedTime":"2022-02-23T22:19:45.4861675Z"},"$schema":"https://schema.management.azure.com/providers/Microsoft.Logic/schemas/2016-06-01/workflowdefinition.json#","contentVersion":"1.0.0.0","parameters":{"$connections":{"defaultValue":{},"type":"Object"},"$authentication":{"defaultValue":{},"type":"SecureObject"},"dynamicscrmonline.organizationName":{"defaultValue":"","type":"String"},"dynamicscrmonline.entityName":{"defaultValue":"","type":"String"}},"triggers":{"manual":{"metadata":{"operationMetadataId":"f5cc620c-2c1e-4704-9437-b389b8255d9a"},"type":"Request","kind":"Http","inputs":{"schema":{"type":"object","properties":{"entityId":{"type":"string"}}}}}},"actions":{"Initialize_variable_-_varMarketingListMembers":{"runAfter":{},"metadata":{"operationMetadataId":"c1f24beb-ae3f-410c-8ed2-5055774802b7"},"type":"InitializeVariable","inputs":{"variables":[{"name":"varMarketingListMembers","type":"array","value":"@null"}]}},"Initialize_variable_-_varSMSSendFromNumber":{"runAfter":{},"metadata":{"operationMetadataId":"f32cd09a-681a-46e0-8296-1a1df32fd8b5"},"type":"InitializeVariable","inputs":{"variables":[{"name":"varSMSSendFromNumber","type":"string","value":"+61480090886"}]}},"Condition_-_Is_Dynamic_List":{"actions":{"List_rows_-_Get_Dynamic_List_Contacts":{"runAfter":{},"metadata":{"operationMetadataId":"f76ba8bc-fa83-45cc-80dd-1a77430efcae"},"type":"OpenApiConnection","inputs":{"host":{"apiId":"/providers/Microsoft.PowerApps/apis/shared_commondataserviceforapps","connectionName":"shared_commondataserviceforapps","operationId":"ListRecords"},"parameters":{"entityName":"contacts","fetchXml":"@outputs('Get_a_row_by_ID_-_Marketing_List_Details')?['body/query']"},"authentication":"@parameters('$authentication')"}},"Apply_to_each_-_Contact_in_Dynamic_List":{"foreach":"@outputs('List_rows_-_Get_Dynamic_List_Contacts')?['body/value']","actions":{"Compose_-_ContactId_for_Dynamic_List_Contact":{"runAfter":{},"metadata":{"operationMetadataId":"39da1e14-6207-443b-8b7c-e0ac4856af2d"},"type":"Compose","inputs":{"contactid":"@items('Apply_to_each_-_Contact_in_Dynamic_List')?['contactid']"}},"Append_to_array_variable_-_Dynamic_List_Contact":{"runAfter":{"Compose_-_ContactId_for_Dynamic_List_Contact":["Succeeded"]},"metadata":{"operationMetadataId":"0a2c25b4-1e44-4b89-b5bc-bad008e8e8ab"},"type":"AppendToArrayVariable","inputs":{"name":"varMarketingListMembers","value":"@outputs('Compose_-_ContactId_for_Dynamic_List_Contact')"}}},"runAfter":{"List_rows_-_Get_Dynamic_List_Contacts":["Succeeded"]},"metadata":{"operationMetadataId":"7b39ff57-d3c5-4e22-8e87-e8e880610341"},"type":"Foreach"}},"runAfter":{"Get_a_row_by_ID_-_Marketing_List_Details":["Succeeded"]},"else":{"actions":{"List_rows_-_Get_Static_List_Contacts":{"runAfter":{},"metadata":{"operationMetadataId":"aaf4fa2a-b606-4dca-8d7a-d5c9b521e8c0"},"type":"OpenApiConnection","inputs":{"host":{"apiId":"/providers/Microsoft.PowerApps/apis/shared_commondataserviceforapps","connectionName":"shared_commondataserviceforapps","operationId":"ListRecords"},"parameters":{"entityName":"listmembers","$select":"_entityid_value","$filter":"entitytype eq 'contact' and _listid_value eq @{outputs('Get_a_row_by_ID_-_Marketing_List_Details')?['body/listid']}","$expand":" "},"authentication":"@parameters('$authentication')"}},"Apply_to_each_-_Contact_in_Static_List":{"foreach":"@outputs('List_rows_-_Get_Static_List_Contacts')?['body/value']","actions":{"Compose_-_ContactId_for_Static_List_Contact":{"runAfter":{},"metadata":{"operationMetadataId":"616eb03f-6c7c-4844-92b9-ce9bcf97dce6"},"type":"Compose","inputs":{"contactid":"@items('Apply_to_each_-_Contact_in_Static_List')?['_entityid_value']"}},"Append_to_array_variable_-_Static_List_Contact":{"runAfter":{"Compose_-_ContactId_for_Static_List_Contact":["Succeeded"]},"metadata":{"operationMetadataId":"0d68ab7d-883a-4989-974d-4e14cd30650d"},"type":"AppendToArrayVariable","inputs":{"name":"varMarketingListMembers","value":"@outputs('Compose_-_ContactId_for_Static_List_Contact')"}}},"runAfter":{"List_rows_-_Get_Static_List_Contacts":["Succeeded"]},"metadata":{"operationMetadataId":"5527f87a-e0de-4c16-b0a0-130b26100476"},"type":"Foreach"}}},"expression":{"equals":["@outputs('Get_a_row_by_ID_-_Marketing_List_Details')?['body/type']","@true"]},"metadata":{"operationMetadataId":"42fb63e3-d204-42e7-84b0-b32e772ddb63"},"type":"If"},"Condition_-_SMS_Receivers_Array_is_not_empty":{"actions":{"Apply_to_each_-_Each_ContactId":{"foreach":"@variables('varMarketingListMembers')","actions":{"Get_a_row_by_ID_-_Contact_Full_Details":{"runAfter":{},"metadata":{"operationMetadataId":"2c282ae7-aad6-40c8-980f-4aa4a2f8d8d2"},"type":"OpenApiConnection","inputs":{"host":{"apiId":"/providers/Microsoft.PowerApps/apis/shared_commondataserviceforapps","connectionName":"shared_commondataserviceforapps","operationId":"GetItem"},"parameters":{"entityName":"contacts","recordId":"@items('Apply_to_each_-_Each_ContactId')?['contactid']"},"authentication":"@parameters('$authentication')"}},"Send_Text_Message_(SMS)_-_To_Current_Contact":{"runAfter":{"Get_a_row_by_ID_-_Contact_Full_Details":["Succeeded"]},"metadata":{"operationMetadataId":"10d8fdcd-4b1a-4549-b5d4-c1cf41ca0250"},"type":"OpenApiConnection","inputs":{"host":{"apiId":"/providers/Microsoft.PowerApps/apis/shared_twilio","connectionName":"shared_twilio_1","operationId":"SendMessage"},"parameters":{"sendMessageRequest/from":"@variables('varSMSSendFromNumber')","sendMessageRequest/to":"@outputs('Get_a_row_by_ID_-_Contact_Full_Details')?['body/mobilephone']","sendMessageRequest/body":"Hi @{outputs('Get_a_row_by_ID_-_Contact_Full_Details')?['body/fullname']}, there is an update on your payroll. Kindly login and see the update."},"authentication":"@parameters('$authentication')"}}},"runAfter":{},"metadata":{"operationMetadataId":"f8a5c8aa-cdae-4f21-b369-d9c420eb5234"},"type":"Foreach"}},"runAfter":{"Condition_-_Is_Dynamic_List":["Succeeded"]},"expression":{"not":{"equals":["@variables('varMarketingListMembers')","@null"]}},"metadata":{"operationMetadataId":"cec6de1d-f27a-4e07-864f-9f9b407e0f1f"},"type":"If"},"Get_a_row_by_ID_-_Marketing_List_Details":{"runAfter":{"Initialize_variable_-_varMarketingListMembers":["Succeeded"],"Initialize_variable_-_varSMSSendFromNumber":["Succeeded"]},"metadata":{"operationMetadataId":"b983220f-28b5-4b5a-892c-0721454d2786"},"type":"OpenApiConnection","inputs":{"host":{"apiId":"/providers/Microsoft.PowerApps/apis/shared_commondataserviceforapps","connectionName":"shared_commondataserviceforapps","operationId":"GetItem"},"parameters":{"entityName":"lists","recordId":"@triggerBody()?['entityId']"},"authentication":"@parameters('$authentication')"}}},"description":"Create one or more actions to happen when records in the Microsoft Dataverse portal are selected. To use this flow from Microsoft Dataverse, select the record(s) you want to send to the flow, go to the command bar at the top of the screen, select Flows, and choose this flow."},"connectionReferences":{"shared_commondataserviceforapps":{"connectionName":"shared-commondataser-83b13998-27ad-4c24-9299-0d9e0821e0d2","source":"Embedded","id":"/providers/Microsoft.PowerApps/apis/shared_commondataserviceforapps","tier":"NotSpecified"},"shared_twilio_1":{"connectionName":"shared-twilio-3e108acd-b04a-4c2a-bf19-b438-6522ef20","source":"Embedded","id":"/providers/Microsoft.PowerApps/apis/shared_twilio","tier":"NotSpecified"}},"flowFailureAlertSubscribed":false}}