{"name":"58e3f841-1ec3-44a3-b717-9e2318677fe1","id":"/providers/Microsoft.Flow/flows/58e3f841-1ec3-44a3-b717-9e2318677fe1","type":"Microsoft.Flow/flows","properties":{"apiId":"/providers/Microsoft.PowerApps/apis/shared_logicflows","displayName":"Send SMS To Campaign Members","definition":{"metadata":{"workflowEntityId":null,"processAdvisorMetadata":null,"flowclientsuspensionreason":"None","flowclientsuspensiontime":null,"creator":{"id":"59c64f9e-d2ac-4763-bc97-5b5f0e50405b","type":"User","tenantId":"5ec24ac7-e561-4232-99e3-0450e60444d5"},"provisioningMethod":"FromDefinition","failureAlertSubscription":true,"clientLastModifiedTime":"2022-02-23T22:40:57.9128429Z"},"$schema":"https://schema.management.azure.com/providers/Microsoft.Logic/schemas/2016-06-01/workflowdefinition.json#","contentVersion":"1.0.0.0","parameters":{"$connections":{"defaultValue":{},"type":"Object"},"$authentication":{"defaultValue":{},"type":"SecureObject"},"dynamicscrmonline.organizationName":{"defaultValue":"","type":"String"},"dynamicscrmonline.entityName":{"defaultValue":"","type":"String"}},"triggers":{"manual":{"splitOn":"@triggerBody()['rows']","metadata":{"operationMetadataId":"bffed83a-c269-42d1-bef1-e8a3ea91f704"},"type":"Request","kind":"ApiConnection","inputs":{"schema":{"type":"object","properties":{"rows":{"type":"array","items":{"type":"object","properties":{"entity":{"type":"object","properties":{"campaignid":{"title":"Campaign","type":"string","format":"guid"},"description":{"title":"Description","type":"string"},"objective":{"title":"Offer","type":"string"}},"required":["campaignid","description","objective"]}},"required":["entity"]}}},"required":["rows"]},"host":{"connection":{"name":"@parameters('$connections')['shared_commondataservice']['connectionId']"},"api":{"runtimeUrl":"https://australia-001.azure-apim.net/apim/commondataservice"}},"operationId":"GetOnNewItems_V2","parameters":{"dataset":"org59c3a04f.crm6","table":"campaigns"}}}},"actions":{"Initialize_variable_-_varSMSSendFromNumber":{"runAfter":{},"metadata":{"operationMetadataId":"ad908478-f49c-4bad-9260-420fc3aaacfc"},"type":"InitializeVariable","inputs":{"variables":[{"name":"varSMSSendFromNumber","type":"string","value":"+61480090762"}]}},"List_rows__-_Campaign_Marketing_Lists":{"runAfter":{"Initialize_variable_-_varSMSSendFromNumber":["Succeeded"],"Initialize_variable_-_varContactIds":["Succeeded"]},"metadata":{"operationMetadataId":"e2ab0440-7a5f-414f-b17b-8428a89e6220"},"type":"OpenApiConnection","inputs":{"host":{"apiId":"/providers/Microsoft.PowerApps/apis/shared_commondataserviceforapps","connectionName":"shared_commondataserviceforapps","operationId":"ListRecords"},"parameters":{"entityName":"campaignitems","$filter":"entitytype eq 'list' and _campaignid_value eq @{triggerBody()?['entity']?['campaignid']}"},"authentication":"@parameters('$authentication')"}},"Apply_to_each_-_Each_Marketing_List":{"foreach":"@outputs('List_rows__-_Campaign_Marketing_Lists')?['body/value']","actions":{"Get_a_row_by_ID_-_Marketing_List_Details":{"runAfter":{},"metadata":{"operationMetadataId":"ca47b923-a054-458d-93f0-217927071cf4"},"type":"OpenApiConnection","inputs":{"host":{"apiId":"/providers/Microsoft.PowerApps/apis/shared_commondataserviceforapps","connectionName":"shared_commondataserviceforapps","operationId":"GetItem"},"parameters":{"entityName":"lists","recordId":"@item()?['entityid']"},"authentication":"@parameters('$authentication')"}},"Condition_-_Is_Dynamic_List":{"actions":{"List_rows_-_Marketing_List_Dynamic_Members":{"runAfter":{},"metadata":{"operationMetadataId":"208d0c77-beac-4746-81c9-b2ac96cd4152"},"type":"OpenApiConnection","inputs":{"host":{"apiId":"/providers/Microsoft.PowerApps/apis/shared_commondataserviceforapps","connectionName":"shared_commondataserviceforapps","operationId":"ListRecords"},"parameters":{"entityName":"contacts","$select":"contactid","fetchXml":"@outputs('Get_a_row_by_ID_-_Marketing_List_Details')?['body/query']"},"authentication":"@parameters('$authentication')"}},"Apply_to_each_-_Dynamic_Member":{"foreach":"@outputs('List_rows_-_Marketing_List_Dynamic_Members')?['body/value']","actions":{"Compose_-_Static_Contact_Id":{"runAfter":{},"metadata":{"operationMetadataId":"63a89d49-d6d0-4a08-9fa4-bd74da99e09b"},"type":"Compose","inputs":{"contactid":"@items('Apply_to_each_-_Dynamic_Member')?['contactid']"}},"Append_to_array_variable_-_varContactIds_From_Dynamic":{"runAfter":{"Compose_-_Static_Contact_Id":["Succeeded"]},"metadata":{"operationMetadataId":"0732a424-e862-4b04-bbb0-a584c20c7e09"},"type":"AppendToArrayVariable","inputs":{"name":"varContactIds","value":"@outputs('Compose_-_Static_Contact_Id')"}}},"runAfter":{"List_rows_-_Marketing_List_Dynamic_Members":["Succeeded"]},"metadata":{"operationMetadataId":"d3d2e2e7-bf0d-4b16-9035-0ac7ba535f14"},"type":"Foreach"}},"runAfter":{"Get_a_row_by_ID_-_Marketing_List_Details":["Succeeded"]},"else":{"actions":{"List_rows_-_Marketing_List_Static_Members":{"runAfter":{},"metadata":{"operationMetadataId":"70acef34-4c95-4149-9203-7c956a3ff8a4"},"type":"OpenApiConnection","inputs":{"host":{"apiId":"/providers/Microsoft.PowerApps/apis/shared_commondataserviceforapps","connectionName":"shared_commondataserviceforapps","operationId":"ListRecords"},"parameters":{"entityName":"listmembers","$select":"_entityid_value","$filter":"entitytype eq 'contact' and _listid_value eq @{outputs('Get_a_row_by_ID_-_Marketing_List_Details')?['body/listid']}"},"authentication":"@parameters('$authentication')"}},"Apply_to_each_-_Static_Member":{"foreach":"@outputs('List_rows_-_Marketing_List_Static_Members')?['body/value']","actions":{"Compose_-_Static_Member_Id":{"runAfter":{},"metadata":{"operationMetadataId":"fa542227-fbf5-4d57-b55e-aa9fb712ff78"},"type":"Compose","inputs":{"contactid":"@items('Apply_to_each_-_Static_Member')?['_entityid_value']"}},"Append_to_array_variable_-_varContactIds_From_Static":{"runAfter":{"Compose_-_Static_Member_Id":["Succeeded"]},"metadata":{"operationMetadataId":"22a25875-6898-4900-8e74-a8ccf91821cd"},"type":"AppendToArrayVariable","inputs":{"name":"varContactIds","value":"@outputs('Compose_-_Static_Member_Id')"}}},"runAfter":{"List_rows_-_Marketing_List_Static_Members":["Succeeded"]},"metadata":{"operationMetadataId":"5d9c19ef-75ce-40da-b0a6-8007e66847d1"},"type":"Foreach"}}},"expression":{"equals":["@outputs('Get_a_row_by_ID_-_Marketing_List_Details')?['body/type']","@true"]},"metadata":{"operationMetadataId":"b9d29123-0aa9-43e7-bd4f-76d857fffb67"},"type":"If"}},"runAfter":{"List_rows__-_Campaign_Marketing_Lists":["Succeeded"]},"metadata":{"operationMetadataId":"6d68d5a7-afec-4fbc-86cb-3cf95e78f03d"},"type":"Foreach"},"Initialize_variable_-_varContactIds":{"runAfter":{},"metadata":{"operationMetadataId":"4f3fdc3b-349b-45e3-b604-aa38ca8e1a16"},"type":"InitializeVariable","inputs":{"variables":[{"name":"varContactIds","type":"array","value":"@null"}]}},"Condition":{"actions":{"Apply_to_each_-_Contact":{"foreach":"@variables('varContactIds')","actions":{"Get_a_row_by_ID_-_Receiver_Full_Details":{"runAfter":{},"metadata":{"operationMetadataId":"bfd9328e-36bf-4135-84dd-f5bd98c2ba5f"},"type":"OpenApiConnection","inputs":{"host":{"apiId":"/providers/Microsoft.PowerApps/apis/shared_commondataserviceforapps","connectionName":"shared_commondataserviceforapps","operationId":"GetItem"},"parameters":{"entityName":"contacts","recordId":"@item()?['contactid']"},"authentication":"@parameters('$authentication')"}},"Send_Text_Message_(SMS)":{"runAfter":{"Get_a_row_by_ID_-_Receiver_Full_Details":["Succeeded"]},"metadata":{"operationMetadataId":"a49b5ea5-db3f-4da7-bbdc-4601d4b2100d"},"type":"OpenApiConnection","inputs":{"host":{"apiId":"/providers/Microsoft.PowerApps/apis/shared_twilio","connectionName":"shared_twilio_1","operationId":"SendMessage"},"parameters":{"sendMessageRequest/from":"@variables('varSMSSendFromNumber')","sendMessageRequest/to":"@outputs('Get_a_row_by_ID_-_Receiver_Full_Details')?['body/mobilephone']","sendMessageRequest/body":"@triggerBody()?['entity']?['objective']"},"authentication":{"value":"@json(decodeBase64(triggerOutputs().headers['X-MS-APIM-Tokens']))['$ConnectionKey']","type":"Raw"}}}},"runAfter":{},"metadata":{"operationMetadataId":"e7fa58ac-bea4-4415-bc4d-cd5b80c59c20"},"type":"Foreach"}},"runAfter":{"Apply_to_each_-_Each_Marketing_List":["Succeeded"]},"expression":{"not":{"equals":["@variables('varContactIds')","@null"]}},"metadata":{"operationMetadataId":"dd116e10-d12f-477a-b9bc-b99a3e678fc0"},"type":"If"}},"description":"Create one or more actions to happen when records in the Microsoft Dataverse portal are selected. To use this flow from Microsoft Dataverse, select the record(s) you want to send to the flow, go to the command bar at the top of the screen, select Flows, and choose this flow."},"connectionReferences":{"shared_commondataservice":{"connectionName":"shared-commondataser-a99155dc-7ace-48d1-9b53-0b5d7bb6d42d","source":"Invoker","id":"/providers/Microsoft.PowerApps/apis/shared_commondataservice","tier":"NotSpecified"},"shared_commondataserviceforapps":{"connectionName":"shared-commondataser-83b13998-27ad-4c24-9299-0d9e0821e0d2","source":"Embedded","id":"/providers/Microsoft.PowerApps/apis/shared_commondataserviceforapps","tier":"NotSpecified"},"shared_twilio_1":{"connectionName":"shared-twilio-2ad9f39a-8418-4201-8103-c2d4702b6aed","source":"Invoker","id":"/providers/Microsoft.PowerApps/apis/shared_twilio","tier":"NotSpecified"}},"flowFailureAlertSubscribed":false}}